PID,P_Name
1,aliceblue
2,antiquewhite
3,aqua
4,aquamarine
5,azure
6,beige
7,bisque
8,black
9,blanchedalmond
10,blue
11,blueviolet
12,brown
13,burlywood
14,cadetblue
15,chartreuse
16,chocolate
17,coral
18,cornflowerblue
19,cornsilk
20,crimson
21,cyan
22,darkblue
23,darkcyan
24,darkgoldenrod
25,darkgray
26,darkgreen
27,darkgrey
28,darkkhaki
29,darkmagenta
30,darkolivegreen
31,darkorange
32,darkorchid
33,darkred
34,darksalmon
35,darkseagreen
36,darkslateblue
37,darkslategray
38,darkslategrey
39,darkturquoise
40,darkviolet
41,deeppink
42,deepskyblue
43,dimgray
44,dimgrey
45,dodgerblue
46,firebrick
47,floralwhite
48,forestgreen
49,fuchsia
50,gainsboro
51,ghostwhite
52,gold
53,goldenrod
54,gray
55,green
56,greenyellow
57,grey
58,honeydew
59,hotpink
60,indianred
61,indigo
62,ivory
63,khaki
64,lavender
65,lavenderblush
66,lawngreen
67,lemonchiffon
68,lightblue
69,lightcoral
70,lightcyan
71,lightgoldenrodyellow
72,lightgray
73,lightgreen
74,lightgrey
75,lightpink
76,lightsalmon
77,lightseagreen
78,lightskyblue
79,lightslategray
80,lightslategrey
81,lightsteelblue
82,lightyellow
83,lime
84,limegreen
85,linen
86,magenta
87,maroon
88,mediumaquamarine
89,mediumblue
90,mediumorchid
91,mediumpurple
92,mediumseagreen
93,mediumslateblue
94,mediumspringgreen
95,mediumturquoise
96,mediumvioletred
97,midnightblue
98,mintcream
99,mistyrose
100,moccasin
101,navajowhite
102,navy
103,oldlace
104,olive
105,olivedrab
106,orange
107,orangered
108,orchid
109,palegoldenrod
110,palegreen
111,paleturquoise
112,palevioletred
113,papayawhip
114,peachpuff
115,peru
116,pink
117,plum
118,powderblue
119,purple
120,rebeccapurple
121,red
122,rosybrown
123,royalblue
124,saddlebrown
125,salmon
126,sandybrown
127,seagreen
128,seashell
129,sienna
130,silver
131,skyblue
132,slateblue
133,slategray
134,slategrey
135,snow
136,springgreen
137,steelblue
138,tan
139,teal
140,thistle
141,tomato
142,turquoise
143,violet
144,wheat
145,white
146,whitesmoke
147,yellow
148,yellowgreen
